model,n_scenarios_ok,n_scenarios_failed,mean_rms_pos_err_km,median_rms_pos_err_km,p90_rms_pos_err_km,p95_rms_pos_err_km,p99_rms_pos_err_km,max_rms_pos_err_km,mean_final_pos_err_km,median_final_pos_err_km,p95_final_pos_err_km,max_final_pos_err_km,mean_max_pos_err_km,p95_max_pos_err_km,max_max_pos_err_km,median_rms_vel_err_ms,p95_rms_vel_err_ms,median_radial_rms_km,median_along_rms_km,median_cross_rms_km,median_rms_alt_err_km
GPU_ST_LRPS_RK4,100,0,0.00023331438964271055,0.0001583186177533526,0.0005151765673564578,0.0006889769517041394,0.0009162416176532737,0.0009597296943297907,0.00036630986857736454,0.0002490416146937534,0.0010108544292632303,0.0021657394808181625,0.0005594709178993926,0.0015007845383310315,0.002212795980389496,0.00010122523647542906,0.00044932281983999287,4.580367022259194e-05,0.00015032153712718385,2.0032208865871214e-05,4.5803670560812343e-05
