{
    "best": {
        "scenario_id": 55,
        "model": "GPU_ST_LRPS_RK4",
        "reference": "sh200_dop853",
        "backend": "torch_st_lrps",
        "device": "cuda:0",
        "rk4_dt_s": 10.0,
        "duration_days": 1.0,
        "hp_km": 346.97863246205816,
        "ha_km": 346.97863246205816,
        "a_km": 2084.978632462058,
        "e": 0.0,
        "inc_deg": 125.06366318732967,
        "raan_deg": 309.8588645973219,
        "argp_deg": 47.557021428555814,
        "ta_deg": 221.17670659509113,
        "rms_pos_err_km": 3.939412645172692e-05,
        "final_pos_err_km": 2.232685229371167e-05,
        "max_pos_err_km": 0.00010284309084072769,
        "p95_pos_err_km": 7.810705118611625e-05,
        "rms_vel_err_ms": 2.3740789997960234e-05,
        "final_vel_err_ms": 2.940157519097533e-05,
        "max_vel_err_ms": 5.623637370210263e-05,
        "p95_vel_err_ms": 4.5714952889770686e-05,
        "radial_rms_km": 1.2948940953744387e-05,
        "along_rms_km": 3.352034151830313e-05,
        "cross_rms_km": 1.614338352289927e-05,
        "radial_max_km": 2.8286044581065473e-05,
        "along_max_km": 9.934709838330024e-05,
        "cross_max_km": 3.3058911518131395e-05,
        "rms_alt_err_km": 1.2948940950925069e-05,
        "final_alt_err_km": 1.3115672118146904e-05,
        "max_abs_alt_err_km": 2.828604402793644e-05,
        "min_alt_model_km": 346.978632462058,
        "min_alt_truth_km": 346.978632462058,
        "status": "ok",
        "failure_reason": "",
        "selection": "best"
    },
    "worst": {
        "scenario_id": 36,
        "model": "GPU_ST_LRPS_RK4",
        "reference": "sh200_dop853",
        "backend": "torch_st_lrps",
        "device": "cuda:0",
        "rk4_dt_s": 10.0,
        "duration_days": 1.0,
        "hp_km": 226.21155031146264,
        "ha_km": 226.21155031146264,
        "a_km": 1964.2115503114628,
        "e": 0.0,
        "inc_deg": 166.96125918117139,
        "raan_deg": 143.12814977697863,
        "argp_deg": 108.34152904113832,
        "ta_deg": 175.890256326552,
        "rms_pos_err_km": 0.0009597296943297907,
        "final_pos_err_km": 0.0009963882547234118,
        "max_pos_err_km": 0.0021776986098737392,
        "p95_pos_err_km": 0.0018378199999665443,
        "rms_vel_err_ms": 0.000734366853406311,
        "final_vel_err_ms": 0.0009879211652921967,
        "max_vel_err_ms": 0.00146042798544699,
        "p95_vel_err_ms": 0.0012965962594042773,
        "radial_rms_km": 0.00016259327864777946,
        "along_rms_km": 0.0009451825965074726,
        "cross_rms_km": 3.5698335763889913e-05,
        "radial_max_km": 0.0003714964100538285,
        "along_max_km": 0.002177613242857607,
        "cross_max_km": 9.968496122102433e-05,
        "rms_alt_err_km": 0.0001625932798971807,
        "final_alt_err_km": -0.0002681522472016695,
        "max_abs_alt_err_km": 0.0003714969235204535,
        "min_alt_model_km": 220.52412054844737,
        "min_alt_truth_km": 220.5237630979775,
        "status": "ok",
        "failure_reason": "",
        "selection": "worst"
    },
    "representative": {
        "scenario_id": 81,
        "model": "GPU_ST_LRPS_RK4",
        "reference": "sh200_dop853",
        "backend": "torch_st_lrps",
        "device": "cuda:0",
        "rk4_dt_s": 10.0,
        "duration_days": 1.0,
        "hp_km": 294.82653501803406,
        "ha_km": 294.82653501803406,
        "a_km": 2032.826535018034,
        "e": 0.0,
        "inc_deg": 103.04242796198082,
        "raan_deg": 203.67788415549154,
        "argp_deg": 252.7207851997337,
        "ta_deg": 233.2614535924356,
        "rms_pos_err_km": 0.0001566218865832232,
        "final_pos_err_km": 0.00033988192695636317,
        "max_pos_err_km": 0.00035814897732832924,
        "p95_pos_err_km": 0.00031638206381488066,
        "rms_vel_err_ms": 0.00010982774695142192,
        "final_vel_err_ms": 0.00020470217491732565,
        "max_vel_err_ms": 0.00021116537642442104,
        "p95_vel_err_ms": 0.00019415376372926358,
        "radial_rms_km": 3.398239914219149e-05,
        "along_rms_km": 0.0001498370290995543,
        "cross_rms_km": 3.040520705484725e-05,
        "radial_max_km": 8.743605645001692e-05,
        "along_max_km": 0.0003576202627422212,
        "cross_max_km": 7.790004773119948e-05,
        "rms_alt_err_km": 3.398239841242073e-05,
        "final_alt_err_km": 4.226785199534788e-05,
        "max_abs_alt_err_km": 8.743604644223524e-05,
        "min_alt_model_km": 294.7896609413875,
        "min_alt_truth_km": 294.7895772559124,
        "status": "ok",
        "failure_reason": "",
        "selection": "representative"
    },
    "mean_error": {
        "scenario_id": 16,
        "model": "GPU_ST_LRPS_RK4",
        "reference": "sh200_dop853",
        "backend": "torch_st_lrps",
        "device": "cuda:0",
        "rk4_dt_s": 10.0,
        "duration_days": 1.0,
        "hp_km": 272.36252211067807,
        "ha_km": 272.36252211067807,
        "a_km": 2010.3625221106781,
        "e": 0.0,
        "inc_deg": 21.241062381692757,
        "raan_deg": 346.2831592378252,
        "argp_deg": 327.0890486547385,
        "ta_deg": 251.89456817186985,
        "rms_pos_err_km": 0.00022817504382973035,
        "final_pos_err_km": 0.0004418098398486418,
        "max_pos_err_km": 0.0005992903500216617,
        "p95_pos_err_km": 0.0004912096680880716,
        "rms_vel_err_ms": 0.000159570439346049,
        "final_vel_err_ms": 0.00031125245618404955,
        "max_vel_err_ms": 0.00036529896511603316,
        "p95_vel_err_ms": 0.00031528014033083433,
        "radial_rms_km": 5.213482176240814e-05,
        "along_rms_km": 0.000219484572062579,
        "cross_rms_km": 3.4239357660561624e-05,
        "radial_max_km": 0.000126398999265952,
        "along_max_km": 0.0005967737028055329,
        "cross_max_km": 6.520231842273707e-05,
        "rms_alt_err_km": 5.213482243165047e-05,
        "final_alt_err_km": -0.00012152717425806259,
        "max_abs_alt_err_km": 0.00012639902786304447,
        "min_alt_model_km": 267.3081185306001,
        "min_alt_truth_km": 267.30803697167056,
        "status": "ok",
        "failure_reason": "",
        "selection": "mean_error"
    }
}