component,mae,rmse
radial,3.836386087331209e-05,0.00011343357331579666
cross_radial_norm,1.2535183872439058e-05,3.628728236190788e-05
approx_T,2.5693986193929383e-05,2.5693986193929383e-05
approx_N,2.5623932849564595e-05,2.5623932849564595e-05