alt_km_lo,alt_km_hi,n,rmse_U,rmse_accel,mape_U_pct,mape_accel_pct,mape_U_p90_pct,mape_accel_p90_pct
50.0,100.0,499999,2.6884350734207194,0.0001252786548740414,13.811830110423479,19.871617893854854,29.44370477385213,55.28738950535057
100.0,150.0,1,0.030043601989746094,1.3685991346579197e-06,0.2978980330673152,0.997378825849238,0.2978980330673152,0.997378825849238
1000.0,1050.0,500000,0.018567953927573103,5.286689588843414e-07,10.764791192134522,13.657116363044487,22.361430723354104,24.727987952087172