bin_label,norm_lo,norm_hi,N,mean_deg,median_deg,p90_deg,p99_deg
<1e-10,,,0,,,,
1e-10-1e-9,1e-10,1e-09,5326,90.91523348451823,91.15479290088052,141.94307829097363,167.95224151256187
1e-9-1e-8,1e-09,1e-08,450395,89.10531789071563,88.67183758122994,146.36367934684375,169.76424879050026
1e-8-1e-7,1e-08,1e-07,44279,87.63539560160513,86.60726051698217,149.74716141909832,171.22997427695157
>1e-7,1e-07,inf,500000,13.461155579589928,5.491855092973886,34.55665524457601,112.64742834907594