alt_km_lo,alt_km_hi,n,mean_deg,median_deg,p90_deg,p95_deg,mean_cossim
50.0,100.0,499999,13.461181464099504,5.491900407999061,34.55668750404091,53.81488664911387,0.9224953055381775
100.0,150.0,1,0.5189266793366898,0.5189266793366898,0.5189266793366898,0.5189266793366898,0.9999589323997498
1000.0,1050.0,500000,88.99442373354178,88.55140115539552,146.66327833215436,157.02809285703407,0.014520554803311825