metric,mae,rmse,rel_mean_pct,rel_p50_pct,rel_p90_pct,nrmse_pct,linf
U,0.5296460515945403,1.9010541101387246,12.288297137346921,6.929720227349386,25.05156548867429,22.967259899023695,59.016658782958984
|a|,4.190873475608435e-05,0.00011909635767939579,20.516833687515184,12.571705119716276,50.475628658841565,64.15490592649313,0.0016999781364575028