region,N,RMSE_U,MAE_U,RMSE_accel_norm,MAE_accel_norm,robust_rel_accel_mean_pct,robust_rel_accel_p90_pct,angular_error_mean_deg,angular_error_p90_deg
50.0-100.0 km,500000,2.688432385320043,1.0451265685615745,0.00012527852961027508,6.284193453303957e-05,19.871580145376715,55.28735220123553,13.461155579589928,34.55665524457601
in_band,0,,,,,,,,
1000.0-1050.0 km,500000,0.018567953927573103,0.014165534627505947,5.286689588843414e-07,4.220352210698206e-07,13.657116363044487,24.72798795208717,88.99442373354178,146.66327833215436