alt_km_lo,alt_km_hi,n,mape_pct,p50_pct,p90_pct
50.0,100.0,499999,19.871617893854854,10.579741522857727,55.28738950535057
100.0,150.0,1,0.997378825849238,0.997378825849238,0.997378825849238
1000.0,1050.0,500000,13.657116363044487,11.226349092425343,24.727987952087172