alt_km_lo,alt_km_hi,n,mape_pct,p50_pct,p90_pct
50.0,100.0,499999,13.811830110423479,4.65973923611467,29.44370477385213
100.0,150.0,1,0.2978980330673152,0.2978980330673152,0.2978980330673152
1000.0,1050.0,500000,10.764791192134522,8.641439843118182,22.361430723354104