alt_km_lo,alt_km_hi,n,rmse
50.0,100.0,499999,0.0001252786548740414
100.0,150.0,1,1.3685991346579197e-06
1000.0,1050.0,500000,5.286689588843414e-07