alt_km_lo,alt_km_hi,n,rmse
50.0,100.0,499999,2.6884350734207194
100.0,150.0,1,0.030043601989746094
1000.0,1050.0,500000,0.018567953927573103