component,mae,rmse
radial,1.5525935902344564e-07,3.85798422880696e-07
cross_radial_norm,1.8767082694411424e-07,3.510398696099248e-07
approx_T,2.498242014265483e-07,2.498242014265483e-07
approx_N,2.466107427452024e-07,2.466107427452024e-07