bin_label,norm_lo,norm_hi,N,mean_deg,median_deg,p90_deg,p99_deg
<1e-10,,,0,,,,
1e-10-1e-9,1e-10,1e-09,446,97.11953462971198,100.49657347162136,146.43973545424666,170.2954810113505
1e-9-1e-8,1e-09,1e-08,140358,88.75354125430711,88.40294306224877,143.43284998516197,168.62494388770463
1e-8-1e-7,1e-08,1e-07,544763,76.34601688978059,72.32637840092663,133.8544151774798,165.4307509271012
>1e-7,1e-07,inf,1314433,10.792520549258935,1.6651936883742655,33.83657363103021,96.58861071837228