{
  "U": {
    "mae": 0.012131356990136427,
    "rmse": 0.020467425198171376,
    "rel_mean_pct": 34.36491536813213,
    "rel_p50_pct": 16.507443127287605,
    "rel_p90_pct": 95.3592513699385,
    "nrmse_pct": 1.3159896167304357,
    "linf": 0.6646404266357422,
    "rel_floor_abs": 0.01555287742240893
  },
  "|a|": {
    "mae": 2.64869038889464e-07,
    "rmse": 5.216027353269226e-07,
    "rel_mean_pct": 33.22579125472152,
    "rel_p50_pct": 22.606068430995595,
    "rel_p90_pct": 82.0617874378631,
    "nrmse_pct": 1.7193889949424095,
    "linf": 5.676786895492114e-05,
    "rel_floor_abs": 3.0336517033738116e-07,
    "error_kind": "vector"
  },
  "residual_vector_metrics": {
    "mae": 2.648691577178397e-07,
    "rmse": 5.216027716414828e-07,
    "linf": 5.676786895492114e-05,
    "rel_mean_pct": 519.00331350491,
    "description": "norm(a_pred - a_true): captures magnitude AND direction."
  },
  "residual_magnitude_metrics": {
    "mae": 1.7649416301616017e-07,
    "rmse": 3.8600738233244824e-07,
    "linf": 5.599861156026253e-05,
    "description": "abs(|a_pred| - |a_true|): direction-blind diagnostic only."
  },
  "residual_angular_metrics": {
    "mean_deg": 34.138557608934235,
    "max_deg": 179.7465386604136,
    "mean_cossim": 0.6700619766089657
  },
  "a_vectorial": {
    "mean_deg": 34.138557608934235,
    "max_deg": 179.7465386604136,
    "mean_cossim": 0.6700619766089657
  },
  "angular_metrics": {
    "residual_all": {
      "mean_deg": 34.138557608934235,
      "max_deg": 179.7465386604136,
      "mean_cossim": 0.6700619766089657,
      "p50_deg": 11.90564558858436,
      "p90_deg": 104.77506763611223,
      "p99_deg": 157.07030367876936
    },
    "residual_masked": {
      "direction_floor_abs": 3e-06,
      "mask_frac": 0.300301,
      "N_masked": 600602,
      "mean_deg": 0.6888093654625923,
      "p50_deg": 0.5594483870260991,
      "p90_deg": 1.293427639872382
    },
    "norm_binned": [
      {
        "bin": "<1e-10",
        "N": 0
      },
      {
        "bin": "1e-10-1e-9",
        "norm_range_m_s2": [
          1e-10,
          1e-09
        ],
        "N": 446,
        "mean_deg": 97.11953462971198,
        "median_deg": 100.49657347162136,
        "p90_deg": 146.43973545424666,
        "p99_deg": 170.2954810113505
      },
      {
        "bin": "1e-9-1e-8",
        "norm_range_m_s2": [
          1e-09,
          1e-08
        ],
        "N": 140358,
        "mean_deg": 88.75354125430711,
        "median_deg": 88.40294306224877,
        "p90_deg": 143.43284998516197,
        "p99_deg": 168.62494388770463
      },
      {
        "bin": "1e-8-1e-7",
        "norm_range_m_s2": [
          1e-08,
          1e-07
        ],
        "N": 544763,
        "mean_deg": 76.34601688978059,
        "median_deg": 72.32637840092663,
        "p90_deg": 133.8544151774798,
        "p99_deg": 165.4307509271012
      },
      {
        "bin": ">1e-7",
        "norm_range_m_s2": [
          1e-07,
          Infinity
        ],
        "N": 1314433,
        "mean_deg": 10.792520549258935,
        "median_deg": 1.6651936883742655,
        "p90_deg": 33.83657363103021,
        "p99_deg": 96.58861071837228
      }
    ],
    "total_approx": {
      "note": "point_mass_base_approximation",
      "mean_deg": 1.0406036685486515e-05,
      "p50_deg": 7.3444386094852035e-06,
      "p90_deg": 1.9821527883571205e-05,
      "p99_deg": 6.220841094121047e-05,
      "max_deg": 0.00045145415929328386
    }
  },
  "a_directional": {
    "frame": "approximate_rtn_like_without_velocity",
    "accel_err_radial_mae": 1.5525935902344564e-07,
    "accel_err_radial_rmse": 3.85798422880696e-07,
    "accel_err_cross_radial_mae": 1.8767082694411424e-07,
    "accel_err_cross_radial_rmse": 3.510398696099248e-07,
    "approx_T_rmse": 2.498242014265483e-07,
    "approx_N_rmse": 2.466107427452024e-07
  },
  "ood_table": {
    "train_alt_range_km": [
      100.0,
      1000.0
    ],
    "classification": "altitude_margin",
    "ood_margin_pct": 10.0,
    "ood_margin_km": 90.0,
    "definitions": {
      "lower_ood_km": [
        10.0,
        100.0
      ],
      "in_band_km": [
        100.0,
        1000.0
      ],
      "upper_ood_km": [
        1000.0,
        1090.0
      ]
    },
    "lower_ood": {
      "region": "10.0-100.0 km",
      "N": 0
    },
    "in_band": {
      "region": "100.0-1000.0 km",
      "N": 2000000,
      "RMSE_U": 0.020467425198171376,
      "MAE_U": 0.012131356990136427,
      "RMSE_accel_norm": 3.8600738233244824e-07,
      "MAE_accel_norm": 1.7649416301616017e-07,
      "robust_rel_accel_mean_pct": 24.721570079815255,
      "robust_rel_accel_p90_pct": 70.19124385895013,
      "angular_error_mean_deg": 34.138557608934235,
      "angular_error_p90_deg": 104.77506763611223
    },
    "upper_ood": {
      "region": "1000.0-1090.0 km",
      "N": 0
    },
    "in_train": {
      "region": "10.0-1090.0 km",
      "N": 2000000,
      "RMSE_U": 0.020467425198171376,
      "MAE_U": 0.012131356990136427,
      "RMSE_accel_norm": 3.8600738233244824e-07,
      "MAE_accel_norm": 1.7649416301616017e-07,
      "robust_rel_accel_mean_pct": 24.721570079815255,
      "robust_rel_accel_p90_pct": 70.19124385895013,
      "angular_error_mean_deg": 34.138557608934235,
      "angular_error_p90_deg": 104.77506763611223
    },
    "above_train": {
      "region": "> 1090.0 km",
      "N": 0
    }
  },
  "model_degree_min": 20,
  "model_degree_max": 200,
  "dataset_degree_min": 20,
  "dataset_degree_max": 200,
  "central_body": "moon",
  "decomposition_frame": "approximate_rtn_like_without_velocity",
  "n_points": 2000000,
  "device": "cuda",
  "a_sign": 1.0,
  "mu_si": 4902800306330.2,
  "r_ref_m": 1738000.0,
  "target_mode": "residual",
  "architecture_signature": "728422935f846610",
  "checkpoint_schema_version": "st_lrps_checkpoint_v2",
  "checkpoint_kind": "best",
  "checkpoint_path": "C:\\Users\\ayber\\Desktop\\LUNAR_SIMULATION\\surrogate_gravity_model\\gececi_kod\\checkpoints\\ckpt_best.pt",
  "checkpoint_epoch": 162,
  "checkpoint_epoch_display": 163,
  "checkpoint_metric": 1.1539144163541969e-05,
  "checkpoint_config_source": "checkpoint",
  "run_manifest_path": "C:\\Users\\ayber\\Desktop\\LUNAR_SIMULATION\\surrogate_gravity_model\\gececi_kod\\run_manifest.json",
  "scaler_source": "C:\\Users\\ayber\\Desktop\\LUNAR_SIMULATION\\surrogate_gravity_model\\gececi_kod\\scaler.json",
  "scaler_hash": "9f8f6d61ab05f6e8e0863cddbd9cf85cb6b87c23cf16a343df1e6671ab7c3e20",
  "checkpoint_hash": "286d68937fc3fba7c698fd381907a8030946e0408a1142aab5c7a2399724be01",
  "w0_bands": [
    13.7,
    42.4
  ],
  "warnings": []
}