metric,mae,rmse,rel_mean_pct,rel_p50_pct,rel_p90_pct,nrmse_pct,linf
U,0.012131356990136427,0.020467425198171376,34.36491536813213,16.507443127287605,95.3592513699385,1.3159896167304357,0.6646404266357422
|a|,2.64869038889464e-07,5.216027353269226e-07,33.22579125472152,22.606068430995595,82.0617874378631,1.7193889949424095,5.676786895492114e-05