component,mae,rmse
radial,2.646417813051138e-07,6.930266472169006e-07
cross_radial_norm,2.819630183298425e-07,5.744916402311348e-07
approx_T,4.0668214808260545e-07,4.0668214808260545e-07
approx_N,4.057712103222424e-07,4.057712103222424e-07