bin_label,norm_lo,norm_hi,N,mean_deg,median_deg,p90_deg,p99_deg
<1e-10,0.0,1e-10,2,89.23758059782038,89.23758059782038,94.94598560539198,96.23037673209558
1e-10-1e-9,1e-10,1e-09,5580,94.7983640967629,96.99194502841797,144.17313056458818,168.48750679153065
1e-9-1e-8,1e-09,1e-08,1300310,88.94240219870439,88.50166928538789,144.43127590015214,168.95452252099886
1e-8-1e-7,1e-08,1e-07,2406936,77.30592220898056,73.24551875348168,135.35089435129737,166.22491598845153
>1e-7,1e-07,inf,6287172,9.085678714475543,1.1236971065050587,29.144615242152984,91.56824612023681