metric,mae,rmse,rel_mean_pct,rel_p50_pct,rel_p90_pct,nrmse_pct,linf
U,0.016173448035835022,0.030713584251377248,20.478267470033355,10.677735713836835,55.197494193489945,1.1878783376623703,0.7028522491455078
|a|,4.216843000071387e-07,9.001814142068051e-07,16.138184614017817,11.992252476848945,38.08828702275023,1.737985555129509,0.00014969312178436667