region,N,RMSE_U,MAE_U,RMSE_accel_norm,MAE_accel_norm,robust_rel_accel_mean_pct,robust_rel_accel_p90_pct,angular_error_mean_deg,angular_error_p90_deg
10.0-100.0 km,2,0.11973171525531115,0.11944524571299553,8.557886120208185e-06,6.521444244854005e-06,8.962848757326617,15.345999213867987,1.6331762691693688,1.8190300684651746
100.0-1000.0 km,9999997,0.030713541790504947,0.016173427446102916,6.723091187517274e-07,2.8143471726249293e-07,12.508874185434117,34.000727170085625,35.93755264652555,110.84030843515895
1000.0-1090.0 km,1,0.0155271120602265,0.0155271120602265,3.9161215711472386e-08,3.9161215711472386e-08,5.41738028395006,5.41738028395006,58.423509585430615,58.423509585430615